,SECURITY_LOOKUP_ID,TICKER,BGN_PRICE,END_PRICE,PCT_CHANGE,EQUITY_CHANGE_RANK
0,1,A,46.27,65.92,0.42468121893235367,35
1,8,AAL,46.0,46.29,0.006304347826087131,364
2,14,AAP,170.34,93.68,-0.45004109428202455,516
3,16,AAPL,114.72,153.39,0.3370815899581594,66
4,27,ABBV,60.63,87.41,0.44169553026554476,33
5,28,ABC,81.56,80.38,-0.014467876410005132,380
6,50,ABT,38.35,51.43,0.3410691003911346,63
7,75,ACN,115.26,136.66,0.1856671872288731,180
8,101,ADBE,103.48,149.3,0.4427908774642437,32
9,106,ADI,71.32,84.24,0.18115535614133527,184
10,109,ADM,45.16,43.29,-0.04140832595216992,395
11,114,ADP,101.81,106.79,0.04891464492682407,325
12,121,ADS,231.49,215.81,-0.06773510734804944,415
13,122,ADSK,76.18,112.29,0.474008926227355,27
14,134,AEE,51.18,58.81,0.14908167252833127,219
15,146,AEP,61.14,71.45,0.16862937520444832,199
16,150,AES,11.29,11.13,-0.014171833480956186,377
17,152,AET,121.72,153.39,0.26018731514952376,110
18,172,AFL,68.57,83.63,0.2196295756161586,138
19,208,AGN,214.27,202.66,-0.05418397349138926,401
20,247,AIG,64.13,60.5,-0.05660377358490509,405
21,261,AIV,43.86,44.89,0.023483812129503123,346
22,267,AIZ,92.62,93.6,0.01058086806305325,360
23,268,AJG,52.24,60.67,0.16137059724349112,205
24,271,AKAM,67.57,47.52,-0.2967293177445609,497
25,284,ALB,87.3,134.89,0.5451317296678111,16
26,299,ALK,87.08,72.91,-0.16272393201653612,461
27,301,ALL,73.21,90.67,0.23849200928834913,126
28,308,ALLE,64.3,83.47,0.2981337480559876,86
29,329,ALXN,122.63,142.92,0.16545706597080678,201
30,332,AMAT,31.7,47.15,0.4873817034700314,25
31,343,AMD,11.43,13.41,0.1732283464566926,195
32,345,AME,49.0,66.11,0.3491836734693876,58
33,349,AMG,145.25,184.18,0.2680206540447505,103
34,350,AMGN,147.63,186.64,0.2642416852943166,105
35,363,AMP,109.81,142.12,0.29423549767780655,89
36,378,AMT,104.58,138.72,0.32644865174985727,74
37,390,AMZN,753.67,964.65,0.27993684238459826,98
38,391,AN,49.28,46.94,-0.04748376623376638,399
39,417,ANTM,141.67,183.5,0.2952636408555096,87
40,426,AON,112.08,144.94,0.29318344039971445,90
41,431,APA,62.88,43.36,-0.3104325699745546,501
42,434,APC,70.04,48.49,-0.30768132495716727,499
43,435,APD,140.59,150.11,0.06771463119709775,303
44,440,APH,66.98,83.14,0.2412660495670349,122
45,475,ARE,108.18,118.47,0.0951192457016079,282
46,9142,ARNC,19.05,26.79,0.4062992125984253,42
47,592,ATVI,36.42,64.11,0.7602965403624382,4
48,611,AVB,172.59,178.38,0.033547714236050075,339
49,615,AVGO,176.06,240.38,0.3653300011359768,53
50,631,AVY,70.14,98.82,0.40889649272882767,40
51,636,AWK,71.14,81.79,0.1497048074219849,216
52,651,AXP,74.16,88.08,0.18770226537216828,176
53,663,AYI,233.72,161.42,-0.30934451480403913,500
54,667,AZO,791.46,553.49,-0.3006721754731764,498
55,672,BA,153.53,256.04,0.6676870969843036,8
56,678,BAC,22.27,25.16,0.12977099236641232,245
57,710,BAX,44.44,63.38,0.42619261926192653,34
58,711,BBBY,40.4,22.25,-0.4492574257425743,515
59,733,BBT,46.04,45.24,-0.01737619461337947,382
60,742,BBY,41.94,53.95,0.28636146876490254,93
61,756,BCR,226.84,317.37,0.39909187092223597,44
62,783,BDX,163.27,191.56,0.17327126845103158,194
63,791,BEN,40.44,42.58,0.05291790306627098,321
64,796,BF-B,45.08,53.99,0.1976486246672582,162
65,842,BIDU,168.3,238.92,0.41960784313725474,36
66,847,BIIB,291.71,315.03,0.07994240855644241,296
67,870,BK,47.96,52.42,0.09299416180150089,286
68,902,BLK,379.36,433.63,0.1430567271193588,226
69,904,BLL,37.55,40.8,0.08655126498002685,292
70,929,BMRN,85.84,93.42,0.08830382106244206,288
71,932,BMY,57.88,62.95,0.08759502418797505,290
72,1001,BRK-B,163.83,183.16,0.11798815845693711,255
73,1049,BSX,21.88,28.76,0.3144424131627055,79
74,1080,BWA,39.67,49.59,0.250063019914293,117
75,1100,BXP,124.92,122.09,-0.022654498879282503,387
76,1118,C,59.98,71.76,0.19639879959986684,163
77,1126,CA,31.53,32.36,0.02632413574373582,343
78,1146,CAG,39.11,33.42,-0.1454870877013551,457
79,1147,CAH,73.13,66.31,-0.09325858060987247,433
80,1182,CAT,93.99,124.79,0.32769443557825295,72
81,1191,CB,129.76,142.23,0.09610049321824854,280
82,1201,CBG,31.57,37.19,0.17801710484637323,187
83,1217,CBOE,72.37,106.26,0.46828796462622657,28
84,1223,CBS,63.84,58.79,-0.0791040100250624,428
85,1241,CCI,84.31,101.6,0.20507650338038164,156
86,1246,CCL,51.18,64.45,0.259280969128566,113
87,1293,CELG,118.75,143.78,0.2107789473684214,146
88,1310,CERN,49.4,69.48,0.40647773279352273,41
89,1321,CF,30.96,35.96,0.16149870801033583,204
90,1330,CFG,35.4,36.27,0.024576271186441012,344
91,1360,CHD,43.83,48.49,0.10631987223362982,266
92,1378,CHK,6.92,4.17,-0.39739884393063585,508
93,1381,CHKP,84.57,110.82,0.31039375665129487,81
94,1394,CHRW,71.51,73.0,0.02083624667878614,348
95,1404,CHTR,285.77,361.08,0.26353361094586547,106
96,1409,CI,135.68,182.13,0.3423496462264146,62
97,1426,CINF,74.29,75.58,0.017364382824067714,353
98,1447,CL,64.45,71.37,0.10737005430566282,264
99,1489,CLX,118.74,131.33,0.10602998147212417,267
100,1493,CMA,68.2,73.33,0.07521994134897358,298
101,1498,CMCSA,34.1,37.31,0.09413489736070368,285
102,1503,CME,112.57,133.8,0.18859376388025262,173
103,1506,CMG,374.77,313.22,-0.16423406355898262,463
104,1507,CMI,137.0,166.48,0.21518248175182508,141
105,1519,CMS,40.61,47.06,0.15882787490765815,208
106,1528,CNC,58.31,90.74,0.5561653232721657,15
107,1549,CNP,23.88,29.49,0.2349246231155777,129
108,1569,COF,87.62,81.58,-0.0689340333257249,417
109,1574,COG,22.23,26.41,0.18803418803418803,174
110,1575,COH,34.65,39.61,0.14314574314574302,225
111,1579,COL,92.22,130.39,0.41390153979613853,38
112,1587,COO,175.1,232.41,0.32729868646487725,73
113,1589,COP,49.76,48.69,-0.021503215434083955,386
114,1601,COST,152.18,161.48,0.0611118412406364,311
115,1603,COTY,18.28,16.0,-0.12472647702407025,450
116,1615,CPB,59.5,45.66,-0.23260504201680698,484
117,1672,CRM,70.54,94.86,0.3447689254323789,61
118,1704,CSCO,29.49,32.42,0.09935571380128905,275
119,1724,CSRA,31.73,32.09,0.011345729593444709,359
120,1735,CSX,35.34,52.85,0.4954725523486134,21
121,1737,CTAS,116.32,137.45,0.181654057771665,183
122,1747,CTL,23.61,18.49,-0.21685726387124094,479
123,1758,CTRP,40.49,53.42,0.3193381081748581,76
124,1762,CTSH,56.27,71.86,0.2770570463835085,99
125,1770,CTXS,71.77,76.28,0.06283962658492381,307
126,1813,CVS,78.84,79.56,0.009132420091324533,361
127,1818,CVX,114.41,116.47,0.018005419106721376,351
128,1834,CXO,136.66,126.3,-0.07580857602809876,422
129,1869,D,74.1,77.3,0.04318488529014819,329
130,1875,DAL,48.77,48.16,-0.0125076891531678,376
131,1945,DE,102.46,124.17,0.21188756587936752,145
132,1979,DFS,71.63,60.5,-0.15538182325841143,460
133,1986,DG,73.4,76.53,0.04264305177111738,331
134,2004,DGX,91.21,101.55,0.11336476263567619,260
135,2008,DHI,27.31,36.86,0.34968875869644833,57
136,2010,DHR,78.39,86.28,0.1006505931879067,271
137,2026,DIS,105.3,98.89,-0.06087369420702704,409
138,2027,DISCA,27.96,21.35,-0.23640915593705303,485
139,2029,DISCK,27.37,20.3,-0.25831202046035817,490
140,2030,DISH,59.69,53.25,-0.1078907689730273,441
141,2054,DLPH,66.83,101.04,0.5118958551548709,20
142,2055,DLR,96.92,116.23,0.19923648369789482,161
143,2063,DLTR,77.45,83.14,0.07346675274370584,300
144,2094,DOV,75.17,92.04,0.2244246374883594,134
145,2095,DOW,1191.1,1174.0,-0.014356477205943907,379
146,2102,DPS,89.17,89.5,0.0037007962319166587,365
147,2115,DRI,69.97,82.4,0.17764756324138986,188
148,2151,DTE,95.98,109.02,0.13586163784121696,238
149,2171,DUK,75.31,85.16,0.13079272340990644,243
150,2175,DVA,65.09,61.26,-0.05884160393301574,407
151,2182,DVN,46.84,35.35,-0.24530315969257044,488
152,9313,DXC,56.93,84.84,0.49025118566660875,24
153,2236,EA,79.17,118.02,0.49071618037135223,23
154,2251,EBAY,29.84,38.25,0.28183646112600513,96
155,2274,ECL,117.03,130.94,0.11885841237289552,254
156,2284,ED,71.72,82.43,0.1493307306190741,218
157,2340,EFX,117.75,98.25,-0.16560509554140124,464
158,2374,EIX,70.29,78.11,0.11125337885901221,261
159,2376,EL,76.49,108.25,0.41521767551313826,37
160,2436,EMN,74.51,85.8,0.15152328546503835,214
161,2440,EMR,55.62,63.44,0.14059690758719956,229
162,2488,EOG,103.01,93.89,-0.08853509368022494,430
163,2526,EQIX,353.55,446.57,0.26310281431197846,108
164,2530,EQR,62.18,65.97,0.06095207462206553,312
165,2532,EQT,63.97,63.84,-0.0020322025949657263,368
166,2556,ES,53.81,61.44,0.14179520535216472,227
167,2576,ESRX,69.4,61.72,-0.11066282420749307,444
168,2577,ESS,224.43,253.49,0.12948358062647536,246
169,2588,ETFC,35.22,41.78,0.18625780806360037,177
170,2594,ETN,66.89,78.06,0.1669905815518018,200
171,2597,ETR,70.43,77.96,0.10691466704529251,265
172,2631,EVHC,63.31,44.76,-0.29300268519981043,495
173,2650,EW,95.52,110.33,0.15504606365159113,212
174,2686,EXC,34.22,37.15,0.08562244301578037,295
175,2698,EXPD,52.68,57.75,0.09624145785877025,279
176,2699,EXPE,111.73,143.12,0.2809451355947379,97
177,2702,EXR,74.7,79.34,0.06211512717536838,308
178,2719,F,12.07,11.72,-0.028997514498757315,391
179,2731,FAST,45.97,44.49,-0.032194909723732845,392
180,2738,FB,116.86,171.11,0.46423070340578554,29
181,2742,FBHS,53.41,64.89,0.21494102228047218,142
182,2787,FCX,13.78,13.98,0.01451378809869408,356
183,2805,FDX,186.43,218.83,0.17379177171056215,192
184,2806,FE,29.86,31.15,0.043201607501674566,328
185,2838,FFIV,144.8,117.71,-0.1870856353591166,470
186,2876,FIS,76.21,92.72,0.21663823645190883,139
187,2879,FISV,107.34,124.76,0.16228805664244472,203
188,2881,FITB,26.6,27.38,0.029323308270676307,341
189,2891,FL,70.69,33.7,-0.5232706181921063,518
190,2899,FLIR,35.65,39.51,0.10827489481065888,262
191,2908,FLR,52.3,41.1,-0.21414913957934978,478
192,2911,FLS,48.39,42.19,-0.12812564579458574,452
193,2925,FMC,56.64,90.27,0.59375,13
194,2985,FOX,27.64,26.33,-0.04739507959479028,398
195,2986,FOXA,28.35,26.76,-0.05608465608465618,404
196,3028,FRT,140.05,123.85,-0.11567297393787923,447
197,3064,FTI,36.39,27.21,-0.25226710634789784,489
198,8925,FTV,53.55,69.93,0.3058823529411765,83
199,3189,GD,172.49,204.9,0.18789495043190962,175
200,3206,GE,31.69,24.75,-0.21899652887346166,480
201,3249,GGP,25.37,20.74,-0.18249901458415485,469
202,3273,GILD,72.55,82.62,0.13880082701585206,231
203,3277,GIS,59.99,51.2,-0.14652442073678928,459
204,3321,GLW,23.91,30.1,0.25888749477206163,114
205,3323,GM,34.06,39.1,0.1479741632413385,220
206,3367,GOOG,786.14,932.45,0.1861118884677031,178
207,3368,GOOGL,808.01,947.55,0.17269588247670198,196
208,3375,GPC,93.5,86.35,-0.07647058823529396,423
209,3385,GPN,70.47,96.34,0.36710657017170467,51
210,3391,GPS,22.84,27.64,0.2101576182136602,148
211,3409,GRMN,47.3,52.0,0.09936575052854146,274
212,3426,GS,239.31,231.29,-0.033513016589361344,393
213,3464,GT,30.92,32.46,0.049805950840879465,324
214,3501,GWW,229.98,175.59,-0.23649882598486827,486
215,3528,HAL,55.01,43.48,-0.2095982548627524,475
216,3534,HAS,78.44,94.84,0.20907700152983222,150
217,3540,HBAN,13.08,13.4,0.024464831804281495,345
218,3546,HBI,21.67,24.5,0.13059529303184125,244
219,3556,HCA,74.46,77.65,0.042841794251947896,330
220,3570,HCN,63.72,72.2,0.1330822347771503,240
221,3574,HCP,28.71,28.57,-0.004876349703936023,371
222,3576,HD,131.95,159.19,0.20644183402804095,153
223,3617,HES,61.79,43.63,-0.2938986891082701,496
224,3662,HIG,47.75,54.35,0.1382198952879583,232
225,3712,HOG,57.71,47.96,-0.16894818922197186,465
226,3715,HOLX,40.15,37.53,-0.06525529265255281,413
227,3719,HON,114.42,140.86,0.23107848278273013,130
228,3726,HP,75.85,50.43,-0.33513513513513515,505
229,3727,HPE,23.2,13.79,-0.40560344827586203,509
230,3732,HPQ,14.53,19.77,0.36063317274604234,54
231,3742,HRB,22.31,26.21,0.1748095024652625,191
232,3746,HRL,34.76,31.19,-0.10270425776754877,439
233,3750,HRS,101.26,131.06,0.29429192178550245,88
234,3763,HSIC,77.96,79.32,0.017444843509492047,352
235,3769,HST,19.13,18.29,-0.04391008886565606,396
236,3771,HSY,102.14,107.55,0.052966516545917,320
237,3802,HUM,196.28,238.24,0.21377623802730827,144
238,3882,IBM,167.19,145.26,-0.13116813206531486,453
239,3903,ICE,55.69,66.83,0.2000359130903211,160
240,3939,IDXX,117.6,155.76,0.32448979591836724,75
241,3959,IFF,115.52,143.08,0.23857340720221631,125
242,4018,ILMN,131.13,200.24,0.5270342408297111,18
243,4047,INCY,102.32,115.05,0.1244136043784203,251
244,8973,INFO,35.92,48.17,0.3410356347438752,64
245,4079,INTC,35.8,37.2,0.03910614525139722,335
246,4085,INTU,113.47,144.1,0.26993919097558794,102
247,4105,IP,51.99,57.29,0.10194268128486272,269
248,4119,IPG,22.96,20.85,-0.09189895470383269,432
249,4142,IR,74.81,89.24,0.19288865124983268,166
250,4153,IRM,31.6,39.77,0.2585443037974686,115
251,4180,ISRG,213.93,343.4,0.6051979619501715,12
252,4188,IT,99.86,123.38,0.23552974163829354,128
253,4211,ITW,120.72,146.56,0.21404903909874107,143
254,4231,IVZ,30.13,33.56,0.11384002655160952,259
255,4278,JBHT,96.05,104.67,0.08974492451848026,287
256,4288,JCI,42.43,39.98,-0.05774216356351647,406
257,4293,JD,25.82,42.98,0.6646010844306736,9
258,4298,JEC,57.67,57.41,-0.00450840991850221,370
259,4365,JNJ,113.6,131.75,0.15977112676056304,206
260,4368,JNPR,28.3,27.71,-0.0208480565371022,384
261,4389,JPM,85.28,94.48,0.10787992495309573,263
262,4435,JWN,46.43,46.28,-0.003230669825543764,369
263,4440,K,71.75,63.92,-0.10912891986062745,442
264,4479,KEY,17.99,18.25,0.014452473596442639,357
265,4495,KHC,85.75,79.01,-0.07860058309037887,427
266,4498,KIM,24.36,18.99,-0.2204433497536945,481
267,4511,KLAC,77.97,99.52,0.2763883544953183,100
268,4521,KMB,111.97,118.12,0.054925426453514836,317
269,4526,KMI,21.23,19.32,-0.08996702779086196,431
270,4534,KMX,64.82,68.84,0.06201789571120009,309
271,4542,KO,41.8,45.4,0.08612440191387605,294
272,4553,KORS,43.08,45.92,0.06592386258124461,306
273,4558,KR,33.29,20.22,-0.39261039351156524,507
274,4575,KSS,47.76,44.94,-0.059045226130653106,408
275,4577,KSU,80.82,107.91,0.3351893095768379,67
276,4606,L,47.01,47.71,0.014890448840672255,355
277,4625,LB,64.13,36.88,-0.4249181350382034,513
278,4636,LBTYA,30.65,33.67,0.09853181076672124,276
279,4638,LBTYK,29.8,32.61,0.09429530201342295,284
280,4661,LEG,48.29,45.94,-0.04866431973493446,400
281,4665,LEN,42.82,50.49,0.1791219056515645,186
282,4685,LH,129.07,153.89,0.19229875261486074,167
283,4692,LILA,23.31,23.59,0.012012012012012185,358
284,4693,LILAK,22.45,23.25,0.03563474387527865,337
285,4711,LKQ,31.03,34.59,0.11472768288752833,257
286,4716,LLL,150.29,190.32,0.26635172000798457,104
287,4721,LLY,73.16,83.33,0.1390103881902678,230
288,4738,LMT,248.49,308.01,0.23952674151877296,124
289,4739,LNC,65.79,72.05,0.09515123879009035,281
290,4747,LNT,37.02,42.06,0.13614262560777934,237
291,4762,LOW,69.92,78.04,0.11613272311212874,256
292,4782,LRCX,106.27,172.28,0.6211536651924345,10
293,4808,LUK,23.09,24.47,0.05976613252490237,313
294,4811,LUV,49.67,54.63,0.0998590698610835,273
295,4815,LVLT,58.94,52.72,-0.10553104852392237,440
296,4816,LVNTA,37.1,56.69,0.5280323450134765,17
297,4828,LYB,84.29,95.79,0.13643374065725444,235
298,4833,M,33.66,21.16,-0.3713606654783125,506
299,4834,MA,104.61,141.5,0.35264315075040664,56
300,4835,MAA,94.8,107.27,0.13154008438818554,242
301,4837,MAC,68.58,52.92,-0.22834645669291298,483
302,4846,MAR,81.68,107.57,0.3169686581782556,77
303,4850,MAS,31.95,37.72,0.1805946791862285,185
304,4852,MAT,27.35,15.0,-0.45155393053016457,517
305,4882,MCD,117.31,159.03,0.3556389054641551,55
306,4888,MCHP,62.97,88.38,0.40352548832777524,43
307,4891,MCK,146.56,152.57,0.04100709606986874,333
308,4893,MCO,94.54,136.65,0.4454199280727731,31
309,4918,MDLZ,44.22,39.97,-0.09611035730438688,435
310,4925,MDT,69.46,79.06,0.13820904117477784,233
311,4958,MET,47.27,50.45,0.0672731119103025,305
312,5009,MHK,201.75,254.11,0.2595291201982648,112
313,5048,MKC,92.26,96.39,0.04476479514415832,326
314,5057,MLM,222.04,199.8,-0.10016213294901755,438
315,5081,MMC,66.59,81.97,0.23096561045201947,131
316,5085,MMM,174.84,210.44,0.20361473347060155,157
317,5100,MNK,51.73,34.86,-0.3261163734776724,504
318,5109,MNST,45.54,55.57,0.22024593763724165,137
319,5112,MO,65.84,61.5,-0.06591737545564957,414
320,5128,MON,103.33,118.86,0.15029517081196175,215
321,5134,MOS,28.86,20.94,-0.2744282744282741,491
322,5142,MPC,51.79,54.37,0.04981656690480807,323
323,5163,MRK,58.86,65.6,0.1145090044172612,258
324,5167,MRO,17.57,12.73,-0.275469550369949,492
325,5173,MS,42.44,48.26,0.13713477851083877,234
326,5189,MSFT,61.52,74.21,0.2062743823146942,154
327,5192,MSI,82.22,84.99,0.033690099732425205,338
328,5203,MTB,154.55,154.42,-0.0008411517308316574,366
329,5210,MTD,422.35,631.41,0.4949923049603404,22
330,5237,MU,22.55,35.91,0.5924611973392462,14
331,5246,MUR,30.77,26.29,-0.14559636009099763,458
332,5269,MXIM,37.77,46.43,0.22928249933809886,132
333,5282,MYL,39.11,31.24,-0.201227307593966,474
334,5317,NAVI,16.08,14.03,-0.12748756218905444,451
335,5325,NBL,38.07,26.95,-0.2920935119516681,494
336,5339,NCLH,42.79,54.4,0.2713250759523249,101
337,5352,NDAQ,65.69,76.1,0.15847160907291857,209
338,5362,NEE,116.23,146.78,0.26284091886776206,109
339,5371,NEM,34.46,37.43,0.08618688334300595,293
340,5395,NFLX,127.49,188.78,0.4807435877323718,26
341,5398,NFX,42.16,28.47,-0.3247153700189752,503
342,5418,NI,21.71,26.12,0.20313219714417352,159
343,5435,NKE,51.47,53.19,0.03341752477171167,340
344,5444,NLSN,41.25,40.52,-0.017696969696969544,383
345,5482,NOC,232.27,280.42,0.20730184698841825,152
346,5489,NOV,37.65,35.2,-0.06507304116865886,412
347,5520,NRG,12.24,24.19,0.9763071895424833,2
348,5532,NSC,105.31,130.71,0.24119266926217908,123
349,5547,NTAP,34.88,41.67,0.1946674311926606,164
350,5551,NTES,215.99,277.62,0.28533728413352444,94
351,5564,NTRS,88.44,90.84,0.027137042062415073,342
352,5571,NUE,58.44,54.14,-0.07357973990417499,421
353,5585,NVDA,101.68,180.76,0.7777340676632565,3
354,5611,NWL,44.33,41.48,-0.06429054816151614,410
355,5615,NWS,11.87,13.45,0.13310867733782694,239
356,5616,NWSA,11.51,13.08,0.13640312771502994,236
357,5649,O,55.64,57.7,0.03702372393961206,336
358,5712,OKE,56.67,55.06,-0.02841009352391055,390
359,5724,OMC,83.33,74.23,-0.10920436817472656,443
360,5768,ORCL,38.24,47.97,0.2544456066945602,116
361,5773,ORLY,280.82,202.26,-0.2797521544049568,493
362,5815,OXY,69.66,62.75,-0.09919609532012563,437
363,5852,PAYX,59.63,58.19,-0.02414891832970012,389
364,5858,PBCT,18.75,17.41,-0.07146666666666668,419
365,5881,PCAR,64.59,70.71,0.09475150952159761,283
366,5886,PCG,58.99,68.64,0.1635870486523141,202
367,5898,PCLN,1477.57,1866.35,0.26312120576351705,107
368,5914,PDCO,41.81,37.12,-0.11217412102367885,445
369,5932,PEG,42.16,46.22,0.09629981024667922,278
370,5944,PEP,102.51,112.8,0.10038045068773815,272
371,5962,PFE,32.04,35.97,0.12265917602996201,253
372,5964,PFG,57.31,62.93,0.0980631652416688,277
373,5987,PG,82.26,92.64,0.12618526622903037,249
374,6002,PGR,34.88,47.68,0.36697247706422,52
375,6007,PH,140.73,175.91,0.2499822354863921,118
376,6018,PHM,18.34,25.65,0.3985823336968377,45
377,6052,PKI,52.8,68.2,0.2916666666666665,91
378,6066,PLD,51.58,64.36,0.24777045366421135,119
379,6081,PM,88.78,111.85,0.25985582338364543,111
380,6098,PNC,116.2,133.35,0.14759036144578275,221
381,6109,PNR,57.0,66.78,0.17157894736842105,197
382,6114,PNW,75.51,87.12,0.1537544696066746,213
383,6131,PPG,94.13,108.99,0.157866779985127,210
384,6135,PPL,32.99,38.81,0.176417096089724,189
385,6159,PRGO,85.95,85.04,-0.010587550901687726,372
386,6183,PRU,102.65,104.78,0.02075012177301483,349
387,6187,PSA,217.3,214.87,-0.011182696732627173,375
388,6238,PSX,84.64,89.14,0.053166351606805495,318
389,6274,PVH,90.88,125.85,0.3847931338028161,47
390,6285,PWR,34.91,37.06,0.06158693784016034,310
391,6290,PX,114.76,138.57,0.2074764726385494,151
392,6291,PXD,186.51,141.97,-0.2388075706396443,487
393,6310,PYPL,40.25,64.63,0.6057142857142859,11
394,6334,QCOM,63.46,52.03,-0.1801134572959341,468
395,6383,QRVO,52.9,70.61,0.3347826086956527,68
396,6403,QVCA,19.98,23.13,0.1576576576576576,211
397,6408,R,73.95,81.75,0.10547667342799194,268
398,6449,RCL,82.3,116.19,0.41178614823815374,39
399,6477,REG,67.24,62.42,-0.07168352171326597,420
400,6482,REGN,379.7,433.45,0.14155912562549333,228
401,6509,RF,14.2,14.43,0.016197183098591417,354
402,6536,RHI,48.99,47.96,-0.0210246989181464,385
403,6539,RHT,70.12,106.84,0.523673702224758,19
404,6546,RIG,15.33,9.08,-0.4076973255055446,510
405,6562,RJF,69.11,82.52,0.19403848936477974,165
406,6569,RL,88.96,87.98,-0.011016187050359894,373
407,6612,ROK,136.56,177.33,0.2985500878734624,85
408,6619,ROP,183.73,246.21,0.3400642246775152,65
409,6623,ROST,65.11,60.91,-0.06450622024266683,411
410,6642,RRC,32.51,18.8,-0.42171639495539814,512
411,6652,RSG,56.0,65.81,0.17517857142857052,190
412,6671,RTN,143.74,185.04,0.2873243356059545,92
413,6796,SBUX,54.63,55.01,0.00695588504484701,363
414,6814,SCG,71.22,57.18,-0.19713563605728768,472
415,6830,SCHW,39.96,42.08,0.05305305305305308,319
416,6885,SEE,46.01,42.44,-0.07759182786350804,425
417,6963,SHPG,175.07,155.36,-0.11258353801336585,446
418,6966,SHW,272.4,349.61,0.2834434654919247,95
419,6978,SIG,93.73,64.58,-0.31099967993171895,502
420,6991,SIRI,4.41,5.49,0.24489795918367352,121
421,7003,SJM,126.69,105.92,-0.16394348409503523,462
422,7022,SLB,83.02,68.09,-0.17983618405203594,467
423,7027,SLG,106.12,100.35,-0.0543724085940448,402
424,7083,SNA,168.94,148.58,-0.12051615958328377,449
425,7096,SNI,71.53,86.08,0.203411156158255,158
426,7102,SNPS,59.37,80.06,0.34849250463196935,59
427,7110,SO,47.34,49.27,0.04076890578791725,334
428,7144,SPG,176.85,159.58,-0.09765337856940948,436
429,8599,SPGI,107.44,155.75,0.44964631422189116,30
430,7157,SPLS,115.65,10.25,-0.9113705144833549,519
431,7208,SRCL,75.84,69.97,-0.07739978902953659,424
432,7211,SRE,98.94,115.91,0.17151809177279098,198
433,7276,STI,54.59,57.01,0.04433046345484515,327
434,7311,STT,78.19,95.53,0.2217674894487789,136
435,7318,STX,37.78,32.72,-0.13393329804129206,454
436,7321,STZ,153.47,201.02,0.309832540561674,82
437,7352,SWK,114.22,151.97,0.330502538959901,71
438,7353,SWKS,74.48,102.13,0.3712406015037597,49
439,7369,SYF,36.58,28.89,-0.21022416621104412,476
440,7371,SYK,118.33,140.25,0.1852446547790083,181
441,7374,SYMC,23.82,33.04,0.38706968933669184,46
442,7388,SYY,53.64,53.54,-0.0018642803877704228,367
443,7393,T,40.97,37.75,-0.07859409323895539,426
444,7410,TAP,96.61,82.81,-0.1428423558637827,455
445,7462,TDC,27.58,32.88,0.19216823785351722,168
446,7465,TDG,230.61,264.27,0.14596071289189472,222
447,7489,TEL,67.92,82.21,0.21039458186101245,147
448,7522,TGT,70.52,58.33,-0.17285876347135598,466
449,7547,TIF,76.55,89.85,0.17374265186152837,193
450,7564,TJX,74.56,72.82,-0.023336909871244482,388
451,7593,TMK,73.35,78.5,0.07021131561008875,302
452,7596,TMO,143.3,187.91,0.3113049546406139,80
453,7599,TMUS,58.32,63.39,0.08693415637860036,291
454,7661,TRIP,47.51,44.24,-0.06882761523889724,416
455,7675,TROW,74.16,85.97,0.15925026968716316,207
456,7690,TRV,118.81,121.49,0.02255702381954383,347
457,7697,TSCO,75.9,60.75,-0.19960474308300447,473
458,7702,TSLA,216.99,366.48,0.6889257569473255,6
459,7706,TSN,61.89,65.33,0.05558248505412866,315
460,7708,TSO,1.34,2.31,0.7238805970149254,5
461,7713,TSS,51.16,68.81,0.3449960906958567,60
462,7762,TWX,95.22,102.09,0.07214870825456843,301
463,7765,TXN,72.22,86.05,0.19149819994461303,169
464,7767,TXT,49.19,53.06,0.07867452734295632,297
465,7782,UA,25.76,15.13,-0.41265527950310565,511
466,9174,UAA,29.87,16.49,-0.4479410780046871,514
467,7787,UAL,72.71,58.53,-0.19502131756292163,471
468,7828,UDR,34.79,37.84,0.08766887036504745,289
469,7849,UHS,106.43,108.43,0.01879169407121961,350
470,7859,ULTA,256.68,219.74,-0.14391460183886584,456
471,7876,UNH,159.58,195.21,0.22327359318210283,135
472,7879,UNM,43.69,50.03,0.14511329823758334,224
473,7880,UNP,100.79,115.44,0.14535172140093255,223
474,7891,UPS,112.47,117.26,0.04258913488041305,332
475,7900,URI,109.31,130.12,0.19037599487695478,171
476,7913,USB,50.63,53.44,0.055500691289749104,316
477,7954,UTX,108.91,114.5,0.051326783582775315,322
478,7974,V,79.08,105.31,0.3316894284269092,70
479,7983,VAR,79.52,104.63,0.3157696177062368,78
480,8021,VFC,52.21,61.85,0.1846389580540131,182
481,8040,VIAB,35.28,27.4,-0.22335600907029463,482
482,8074,VLO,68.25,73.36,0.07487179487179452,299
483,8084,VMC,123.86,117.0,-0.05538511222347797,403
484,8095,VNO,82.7,75.63,-0.08548972188633608,429
485,8113,VOD,24.03,28.62,0.1910112359550562,170
486,8139,VRSK,81.32,81.95,0.007747171667486397,362
487,8140,VRSN,77.31,105.77,0.3681283145776746,50
488,8146,VRTX,74.89,152.06,1.0304446521564956,1
489,8173,VTR,60.0,67.52,0.12533333333333374,250
490,8201,VZ,52.05,48.36,-0.0708933717579251,418
491,8213,WAT,136.43,181.79,0.33247819394561207,69
492,8217,WBA,81.82,78.2,-0.04424346125641665,397
493,8242,WDC,68.24,85.01,0.24575029308323604,120
494,8252,WEC,57.01,64.27,0.12734607963515177,248
495,8262,WFC,54.84,54.06,-0.014223194748359091,378
496,8291,WHR,179.66,172.69,-0.03879550261605236,394
497,8323,WLTW,121.88,150.86,0.2377748605185428,127
498,8324,WM,69.31,78.28,0.1294185543211659,247
499,8326,WMB,30.51,29.99,-0.017043592264831098,381
500,8335,WMT,67.28,80.01,0.18920927467300852,172
501,8366,WRK,50.11,57.61,0.14967072440630602,217
502,8392,WU,21.39,18.91,-0.11594202898550698,448
503,8403,WY,29.52,33.42,0.13211382113821135,241
504,8409,WYN,74.52,103.19,0.3847289318303806,48
505,8410,WYNN,86.32,145.4,0.6844300278035218,7
506,8421,XEC,138.5,109.37,-0.21032490974729257,477
507,8422,XEL,39.68,48.01,0.20992943548387033,149
508,8438,XL,37.13,39.64,0.06760032318879627,304
509,8446,XLNX,58.1,68.91,0.18605851979345966,179
510,8461,XOM,88.37,79.89,-0.09596016747765068,434
511,8476,XRAY,58.37,57.72,-0.011135857461024856,374
512,8482,XRX,26.89,32.69,0.215693566381554,140
513,8500,XYL,49.15,63.93,0.30071210579857555,84
514,8529,YUM,62.37,76.48,0.22623055956389315,133
515,8552,ZBH,102.72,113.06,0.1006619937694706,270
516,8568,ZION,42.9,45.36,0.05734265734265742,314
517,8588,ZTS,53.29,64.24,0.20547945205479423,155
518,7189,SPY,222.07,249.39,0.12302427162606433,252
